Actual,Predicted
49.83,49.898297078269835
51.15,50.0829144111843
50.91,49.730298760990216
48.91,50.11812612591366
49.84,50.25882562930348
